"0","drake$loadTarget$pltWithoutI()"
"0","pltWithoutI"
"2","No trace type specified:
  Based on info supplied, a 'histogram' trace seems appropriate.
  Read more about this trace type -> https://plotly.com/r/reference/#histogram
"
"2","minimal value for n is 3, returning requested palette with 3 different levels
"
"2","minimal value for n is 3, returning requested palette with 3 different levels
"
"2","No trace type specified:
  Based on info supplied, a 'histogram' trace seems appropriate.
  Read more about this trace type -> https://plotly.com/r/reference/#histogram
"
"2","minimal value for n is 3, returning requested palette with 3 different levels
"
"2","minimal value for n is 3, returning requested palette with 3 different levels
"
